INSERT INTO Company (company) 
VALUES ('Soma');

INSERT INTO Company (company) 
VALUES ('Bonnat');

INSERT INTO Company (company) 
VALUES ('A.Morin');


INSERT INTO Company (company) 
VALUES ('Pralus');

INSERT INTO Company (company) 
VALUES ('Fresco');



INSERT INTO Bean (bean_type) 
VALUES ('Trinitario');

INSERT INTO Bean (bean_type) 
VALUES ('Criollo');

INSERT INTO Bean(bean_type) 
VALUES ('Forastero');

INSERT INTO Bean(bean_type) 
VALUES ('Bonnat');

INSERT INTO Bean(bean_type) 
VALUES ('OER');


INSERT INTO Chocolate (bar_id, bar_name, company, bean_type, cocoa_perc) 
VALUES ('1','Madagascar', 'Soma', 'Trinitario', 70);

INSERT INTO Chocolate (bar_id, bar_name, company, bean_type, cocoa_perc) 
VALUES ('2', 'Peru ', 'Bonnat', 'Trinitario', 70);

INSERT INTO Chocolate (bar_id, bar_name, company, bean_type, cocoa_perc) 
VALUES ('3','Ecuador ', 'Soma', 'Bonnat', 70);

INSERT INTO Chocolate (bar_id, bar_name, company, bean_type, cocoa_perc) 
VALUES ('4','Dominican Republic ', 'Bonnat', 'Criollo', 75);

INSERT INTO Chocolate (bar_id, bar_name, company, bean_type, cocoa_perc) 
VALUES ('5','Kpime ', 'Fresco','Trinitario', 75);

INSERT INTO Chocolate (bar_id, bar_name, company, bean_type, cocoa_perc) 
VALUES ('6','Atsane ', 'Pralus', 'Trinitario', 72);

INSERT INTO Chocolate (bar_id, bar_name, company, bean_type, cocoa_perc) 
VALUES ('7','Quilla ', 'Soma', 'Criollo', 72);

INSERT INTO Chocolate (bar_id, bar_name, company, bean_type, cocoa_perc) 
VALUES ('8','Carenero ', 'Pralus', 'Trinitario', 72);

INSERT INTO Chocolate (bar_id, bar_name, company, bean_type, cocoa_perc) 
VALUES ('9','Akata ', 'A.Morin', 'Forastero', 65);

INSERT INTO Chocolate (bar_id, bar_name, company, bean_type, cocoa_perc) 
VALUES ('10','Agua Grande ', 'Soma', 'Trinitario', 45);
